{
  "RandomForest": {
    "train": {
      "GHR": {
        "RMSE": 159.92370339642753,
        "MAE": 77.73613687493363,
        "R2": 0.9736210459638094,
        "MAPE": 12.907873171334314
      }
    },
    "test": {
      "GHR": {
        "RMSE": 249.9097548366028,
        "MAE": 120.10074618423234,
        "R2": 0.936544367341199,
        "MAPE": 19.70796237309286
      }
    },
    "train_time": 1.0301032066345215,
    "inference_ms": 29.458999633789062
  },
  "XGBoost": {
    "train": {
      "GHR": {
        "RMSE": 73.22710356574898,
        "MAE": 45.68417159690988,
        "R2": 0.9944693572379423,
        "MAPE": 11.859916192584311
      }
    },
    "test": {
      "GHR": {
        "RMSE": 85.28655497749122,
        "MAE": 51.03582987829383,
        "R2": 0.9926096517183706,
        "MAPE": 13.017257399124565
      }
    },
    "train_time": 1.5310640335083008,
    "inference_ms": 2.350902557373047
  },
  "LightGBM": {
    "train": {
      "GHR": {
        "RMSE": 156.84957062417828,
        "MAE": 96.75579988893884,
        "R2": 0.9746254375099422,
        "MAPE": 23.377184331594485
      }
    },
    "test": {
      "GHR": {
        "RMSE": 165.60907095103647,
        "MAE": 100.08473969955519,
        "R2": 0.9721341687256373,
        "MAPE": 24.12983315570795
      }
    },
    "train_time": 3.3757078647613525,
    "inference_ms": 0.5183935165405273
  }
}