{
  "RandomForest": {
    "train": {
      "GHR": {
        "RMSE": 156.47478949735154,
        "MAE": 76.16028067875223,
        "R2": 0.9747465541372246,
        "MAPE": 12.697011725690485
      },
      "DLI_derived": {
        "RMSE": 1.13672675578246,
        "MAE": 0.5532739750188634,
        "R2": 0.9747465541372246,
        "MAPE": 12.697011725690485
      }
    },
    "test": {
      "GHR": {
        "RMSE": 245.06162566264516,
        "MAE": 117.74674652836867,
        "R2": 0.9389825039344626,
        "MAPE": 19.38722154749688
      },
      "DLI_derived": {
        "RMSE": 1.780274685788852,
        "MAE": 0.8553830148299871,
        "R2": 0.9389825039344626,
        "MAPE": 19.38722154749688
      }
    },
    "train_time": 0.9620778560638428,
    "inference_ms": 16.132783889770508
  },
  "XGBoost": {
    "train": {
      "GHR": {
        "RMSE": 72.59680425121576,
        "MAE": 45.65346887054811,
        "R2": 0.994564157046809,
        "MAPE": 11.796415838397738
      },
      "DLI_derived": {
        "RMSE": 0.527386744163382,
        "MAE": 0.3316541899569838,
        "R2": 0.994564157046809,
        "MAPE": 11.796415838397738
      }
    },
    "test": {
      "GHR": {
        "RMSE": 85.0696539840387,
        "MAE": 51.206120519572245,
        "R2": 0.9926471942252978,
        "MAPE": 12.846592757159133
      },
      "DLI_derived": {
        "RMSE": 0.6179970083324475,
        "MAE": 0.37199198312648457,
        "R2": 0.9926471942252978,
        "MAPE": 12.846592757159133
      }
    },
    "train_time": 0.8863418102264404,
    "inference_ms": 1.0449886322021484
  },
  "LightGBM": {
    "train": {
      "GHR": {
        "RMSE": 156.86959512245744,
        "MAE": 96.51113440733755,
        "R2": 0.9746189581129571,
        "MAPE": 23.0465805944968
      },
      "DLI_derived": {
        "RMSE": 1.1395948607266044,
        "MAE": 0.7011147870155444,
        "R2": 0.9746189581129571,
        "MAPE": 23.0465805944968
      }
    },
    "test": {
      "GHR": {
        "RMSE": 165.55842789873748,
        "MAE": 99.99567504361649,
        "R2": 0.9721512087943873,
        "MAPE": 23.908225601454365
      },
      "DLI_derived": {
        "RMSE": 1.2027157553131684,
        "MAE": 0.7264285809218564,
        "R2": 0.9721512087943873,
        "MAPE": 23.908225601454365
      }
    },
    "train_time": 0.8323159217834473,
    "inference_ms": 0.32329559326171875
  }
}