{
  "RandomForest": {
    "GHR": {
      "RMSE": 232.750502318616,
      "MAE": 112.16300665752843,
      "R2": 0.9449591647950493,
      "MAPE": 18.621102689836828
    },
    "DLI": {
      "RMSE": 1.6908392991289773,
      "MAE": 0.8148193781379013,
      "R2": 0.9449591647956301,
      "MAPE": 18.621102508205276
    },
    "train_time": 1.3644230365753174,
    "inference_ms": 16.407275199890137
  },
  "XGBoost": {
    "GHR": {
      "RMSE": 82.6143502684773,
      "MAE": 49.8767850604937,
      "R2": 0.9930655065099822,
      "MAPE": 12.674073665339181
    },
    "DLI": {
      "RMSE": 0.6038075489352165,
      "MAE": 0.3660167465323993,
      "R2": 0.9929809647173782,
      "MAPE": 12.779813130865195
    },
    "train_time": 2.215475082397461,
    "inference_ms": 3.5143136978149414
  },
  "LightGBM": {
    "GHR": {
      "RMSE": 165.12711376620544,
      "MAE": 100.208495143294,
      "R2": 0.9722961235661078,
      "MAPE": 24.096703396150705
    },
    "DLI": {
      "RMSE": 1.2020417213558883,
      "MAE": 0.7291567658777104,
      "R2": 0.9721824144568205,
      "MAPE": 24.154942178119565
    },
    "train_time": 3.128751277923584,
    "inference_ms": 0.8839845657348633
  }
}