{
  "RandomForest": {
    "train": {
      "GHR": {
        "RMSE": 96.08683172196801,
        "MAE": 26.09097610384355,
        "R2": 0.9778035925609107,
        "MAPE": 693163393.7006816
      }
    },
    "test": {
      "GHR": {
        "RMSE": 143.78632747192634,
        "MAE": 39.43350943481418,
        "R2": 0.9503291956324487,
        "MAPE": 947229675.4864438
      }
    },
    "train_time": 1.6773672103881836,
    "inference_ms": 26.8765926361084
  },
  "XGBoost": {
    "train": {
      "GHR": {
        "RMSE": 42.17473072171666,
        "MAE": 15.326099155103075,
        "R2": 0.9957237845556456,
        "MAPE": 8608526254.374947
      }
    },
    "test": {
      "GHR": {
        "RMSE": 47.37134940739871,
        "MAE": 17.012947607657253,
        "R2": 0.9946086500497047,
        "MAPE": 8777107774.019571
      }
    },
    "train_time": 1.8054587841033936,
    "inference_ms": 2.2966861724853516
  },
  "LightGBM": {
    "train": {
      "GHR": {
        "RMSE": 89.44621872984264,
        "MAE": 31.413790073312956,
        "R2": 0.980765588077616,
        "MAPE": 8791389392.420439
      }
    },
    "test": {
      "GHR": {
        "RMSE": 92.85108313074333,
        "MAE": 32.47151164269196,
        "R2": 0.9792871452851261,
        "MAPE": 8890472080.800144
      }
    },
    "train_time": 3.403639078140259,
    "inference_ms": 0.43570995330810547
  }
}